N4;NomeLB;Ano;Mês;Realizado_Pago
"PLAT. DE CAPTAÇÃO E PRODUÇÃO";"Aquisição Kit diretor pro Entretenimento";2026;5;76232,400000000009
"PLAT. DE CAPTAÇÃO E PRODUÇÃO";"Aquisição Kit diretor pro Entretenimento";2026;6;34583,68
"PLAT. DE CAPTAÇÃO E PRODUÇÃO";"Aquisição Kit diretor pro Entretenimento";2026;7;179634,95
"PLAT. DE CAPTAÇÃO E PRODUÇÃO";"Aquisição Kit diretor pro Entretenimento";2026;8;194531,03999999998
"PLAT. DE CAPTAÇÃO E PRODUÇÃO";"Aquisição Kit diretor pro Entretenimento";2026;9;88462,23
"PLAT. DE CAPTAÇÃO E PRODUÇÃO";"Automação Hoists MG2 - Obs. Crítica e Mesa de Iluminação EST-3 SP";2026;1;182152,75
"PLAT. DE CAPTAÇÃO E PRODUÇÃO";"Automação Hoists MG2 - Obs. Crítica e Mesa de Iluminação EST-3 SP";2026;2;330891,32
"PLAT. DE CAPTAÇÃO E PRODUÇÃO";"Automação Hoists MG2 - Obs. Crítica e Mesa de Iluminação EST-3 SP";2026;3;184398,32000000004
"PLAT. DE CAPTAÇÃO E PRODUÇÃO";"Automação Hoists MG2 - Obs. Crítica e Mesa de Iluminação EST-3 SP";2026;4;101001,40999999999
"PLAT. DE CAPTAÇÃO E PRODUÇÃO";"Automação Hoists MG2 - Obs. Crítica e Mesa de Iluminação EST-3 SP";2026;5;68984,239999999991
"PLAT. DE CAPTAÇÃO E PRODUÇÃO";"Automação Hoists MG2 - Obs. Crítica e Mesa de Iluminação EST-3 SP";2026;6;24047,17
"PLAT. DE CAPTAÇÃO E PRODUÇÃO";"Automação Hoists MG2 - Obs. Crítica e Mesa de Iluminação EST-3 SP";2026;7;25245,88
"PLAT. DE CAPTAÇÃO E PRODUÇÃO";"Automação Hoists MG2 - Obs. Crítica e Mesa de Iluminação EST-3 SP";2026;8;26202
"PLAT. DE CAPTAÇÃO E PRODUÇÃO";"Automação Hoists MG2 - Obs. Crítica e Mesa de Iluminação EST-3 SP";2026;9;11472,26
"PLAT. DE CAPTAÇÃO E PRODUÇÃO";"BBB 2026 Reposição Microfones";2026;5;25218
"PLAT. DE CAPTAÇÃO E PRODUÇÃO";"BBB 2026 Reposição Microfones";2026;7;53750,15
"PLAT. DE CAPTAÇÃO E PRODUÇÃO";"BBB Página em Branco Fase 1";2026;1;903,13
"PLAT. DE CAPTAÇÃO E PRODUÇÃO";"BC - Servidores Sistemas de Realities";2026;5;66527,85
"PLAT. DE CAPTAÇÃO E PRODUÇÃO";"BC - Servidores Sistemas de Realities";2026;6;411958,22000000003
"PLAT. DE CAPTAÇÃO E PRODUÇÃO";"BC - Servidores Sistemas de Realities";2026;7;222624,28
"PLAT. DE CAPTAÇÃO E PRODUÇÃO";"BC - Servidores Sistemas de Realities";2026;8;17716,149999999998
"PLAT. DE CAPTAÇÃO E PRODUÇÃO";"BC - Servidores Sistemas de Realities";2026;9;27500
"PLAT. DE CAPTAÇÃO E PRODUÇÃO";"BC DSLR para UPs 2026";2026;5;30160
"PLAT. DE CAPTAÇÃO E PRODUÇÃO";"BC DSLR para UPs 2026";2026;6;221026,56
"PLAT. DE CAPTAÇÃO E PRODUÇÃO";"BC DSLR para UPs 2026";2026;7;246510,58
"PLAT. DE CAPTAÇÃO E PRODUÇÃO";"BC DSLR para UPs 2026";2026;8;378437,31
"PLAT. DE CAPTAÇÃO E PRODUÇÃO";"BC DSLR para UPs 2026";2026;9;87155,24
"PLAT. DE CAPTAÇÃO E PRODUÇÃO";"BC Iluminação Branca Estúdio 1 SP";2026;6;43664,78
"PLAT. DE CAPTAÇÃO E PRODUÇÃO";"BC Iluminação Branca Estúdio 1 SP";2026;9;101247,84
"PLAT. DE CAPTAÇÃO E PRODUÇÃO";"Caixas Acústicas de PA do MG-2 - Obs. crítica";2026;1;63477,03
"PLAT. DE CAPTAÇÃO E PRODUÇÃO";"Caixas Acústicas de PA do MG-2 - Obs. crítica";2026;2;96064,62
"PLAT. DE CAPTAÇÃO E PRODUÇÃO";"Caixas Acústicas de PA MG-2";2026;4;21490,06
"PLAT. DE CAPTAÇÃO E PRODUÇÃO";"Caixas Acústicas de PA MG-2";2026;5;1386,6
"PLAT. DE CAPTAÇÃO E PRODUÇÃO";"Câmeras de Externa - Obs. crítica G5";2026;1;6251
"PLAT. DE CAPTAÇÃO E PRODUÇÃO";"Câmeras de Externa - Obs. crítica G5";2026;2;106837,5
"PLAT. DE CAPTAÇÃO E PRODUÇÃO";"Câmeras de Externa - Obs. crítica G5";2026;3;36926,41
"PLAT. DE CAPTAÇÃO E PRODUÇÃO";"Câmeras de Externa - Obs. crítica G5";2026;4;54952,08
"PLAT. DE CAPTAÇÃO E PRODUÇÃO";"Câmeras de Externa - Obs. crítica G5";2026;5;14095,67
"PLAT. DE CAPTAÇÃO E PRODUÇÃO";"Câmeras de Externa - Obs. crítica G5";2026;6;1811773,6300000001
"PLAT. DE CAPTAÇÃO E PRODUÇÃO";"Câmeras de Externa - Obs. crítica G5";2026;7;35215,81
"PLAT. DE CAPTAÇÃO E PRODUÇÃO";"Câmeras de Externa - Obs. crítica G5";2026;8;192795,84
"PLAT. DE CAPTAÇÃO E PRODUÇÃO";"Câmeras de Externa - Obs. crítica G5";2026;9;48020,06
"PLAT. DE CAPTAÇÃO E PRODUÇÃO";"Câmeras Robô - Obs. crítica ION";2026;1;4224,98
"PLAT. DE CAPTAÇÃO E PRODUÇÃO";"Câmeras Robô - Obs. crítica ION";2026;4;4713
"PLAT. DE CAPTAÇÃO E PRODUÇÃO";"Câmeras Robóticas G5";2026;1;1981,91
"PLAT. DE CAPTAÇÃO E PRODUÇÃO";"Câmeras Robóticas G5";2026;2;70417,74
"PLAT. DE CAPTAÇÃO E PRODUÇÃO";"Câmeras Robóticas G5";2026;3;792,68
"PLAT. DE CAPTAÇÃO E PRODUÇÃO";"Câmeras Robóticas G5";2026;4;473,85
"PLAT. DE CAPTAÇÃO E PRODUÇÃO";"Câmeras Robóticas G5";2026;5;1053,84
"PLAT. DE CAPTAÇÃO E PRODUÇÃO";"Câmeras Robóticas G5";2026;6;5632,44
"PLAT. DE CAPTAÇÃO E PRODUÇÃO";"Câmeras Robóticas G5";2026;7;8912,5600000000013
"PLAT. DE CAPTAÇÃO E PRODUÇÃO";"Câmeras Robóticas G5";2026;8;471,61
"PLAT. DE CAPTAÇÃO E PRODUÇÃO";"CEE - Câmera Estúdio Externa EG";2026;4;26705,010000000002
"PLAT. DE CAPTAÇÃO E PRODUÇÃO";"CEE - Câmera Estúdio Externa EG";2026;5;2370,12
"PLAT. DE CAPTAÇÃO E PRODUÇÃO";"CEE - Câmera Estúdio Externa EG";2026;6;92437,07
"PLAT. DE CAPTAÇÃO E PRODUÇÃO";"CEE - Câmera Estúdio Externa EG";2026;7;251186,11000000002
"PLAT. DE CAPTAÇÃO E PRODUÇÃO";"CEE - Câmera Estúdio Externa EG";2026;8;138489,51
"PLAT. DE CAPTAÇÃO E PRODUÇÃO";"CEE - Câmera Estúdio Externa EG";2026;9;198879,59999999998
"PLAT. DE CAPTAÇÃO E PRODUÇÃO";"CI LED - Complemento";2026;6;43833,52
"PLAT. DE CAPTAÇÃO E PRODUÇÃO";"CI LED - Complemento";2026;8;26833,52
"PLAT. DE CAPTAÇÃO E PRODUÇÃO";"Cloudification - Live Production";2026;5;6550,07
"PLAT. DE CAPTAÇÃO E PRODUÇÃO";"Comunicação Operacional - Obs. crítica BH, BSA e REC";2026;1;5081,38
"PLAT. DE CAPTAÇÃO E PRODUÇÃO";"Comunicação Operacional - Obs. crítica BH, BSA e REC";2026;4;24480
"PLAT. DE CAPTAÇÃO E PRODUÇÃO";"Comunicação Operacional - Obs. crítica BH, BSA e REC";2026;5;358016,42999999993
"PLAT. DE CAPTAÇÃO E PRODUÇÃO";"Comunicação Operacional - Obs. crítica BH, BSA e REC";2026;6;290970,05
"PLAT. DE CAPTAÇÃO E PRODUÇÃO";"Comunicação Operacional - Obs. crítica BH, BSA e REC";2026;8;15803,03
"PLAT. DE CAPTAÇÃO E PRODUÇÃO";"Comunicação Operacional - Obs. crítica BH, BSA e REC";2026;9;0
"PLAT. DE CAPTAÇÃO E PRODUÇÃO";"Controles JB Obsolescência – Mixer Controle 3 JB";2026;1;1927353,9900000002
"PLAT. DE CAPTAÇÃO E PRODUÇÃO";"Controles JB Obsolescência – Mixer Controle 3 JB";2026;2;184953,12
"PLAT. DE CAPTAÇÃO E PRODUÇÃO";"Controles JB Obsolescência – Mixer Controle 3 JB";2026;3;271282,95999999996
"PLAT. DE CAPTAÇÃO E PRODUÇÃO";"Controles JB Obsolescência – Mixer Controle 3 JB";2026;4;852203,64
"PLAT. DE CAPTAÇÃO E PRODUÇÃO";"Controles JB Obsolescência – Mixer Controle 3 JB";2026;5;87915,199999999983
"PLAT. DE CAPTAÇÃO E PRODUÇÃO";"Controles JB Obsolescência – Mixer Controle 3 JB";2026;6;285678,33
"PLAT. DE CAPTAÇÃO E PRODUÇÃO";"Controles JB Obsolescência – Mixer Controle 3 JB";2026;7;63996,990000000005
"PLAT. DE CAPTAÇÃO E PRODUÇÃO";"Controles JB Obsolescência – Mixer Controle 3 JB";2026;8;17197,26
"PLAT. DE CAPTAÇÃO E PRODUÇÃO";"Controles JB Obsolescência – Mixer Controle 3 JB";2026;9;342331,84
"PLAT. DE CAPTAÇÃO E PRODUÇÃO";"Conversor de norma: Obs. crítica COT SP";2026;4;52245,14
"PLAT. DE CAPTAÇÃO E PRODUÇÃO";"Conversor de norma: Obs. crítica COT SP";2026;5;9799,4700000000012
"PLAT. DE CAPTAÇÃO E PRODUÇÃO";"Conversor de norma: Obs. crítica COT SP";2026;6;75287,790000000008
"PLAT. DE CAPTAÇÃO E PRODUÇÃO";"Conversor de norma: Obs. crítica COT SP";2026;7;51936,88
"PLAT. DE CAPTAÇÃO E PRODUÇÃO";"Conversor de norma: Obs. crítica COT SP";2026;8;44527,189999999995
"PLAT. DE CAPTAÇÃO E PRODUÇÃO";"Core IP BH";2026;3;49894,98
"PLAT. DE CAPTAÇÃO E PRODUÇÃO";"Core IP BH";2026;4;180438,8
"PLAT. DE CAPTAÇÃO E PRODUÇÃO";"Core IP BH";2026;5;412122,79000000004
"PLAT. DE CAPTAÇÃO E PRODUÇÃO";"Core IP BH";2026;6;1483172,69
"PLAT. DE CAPTAÇÃO E PRODUÇÃO";"Core IP BH";2026;7;309181,5
"PLAT. DE CAPTAÇÃO E PRODUÇÃO";"Core IP BH";2026;8;2094466,6700000002
"PLAT. DE CAPTAÇÃO E PRODUÇÃO";"Core IP BH";2026;9;1084885,7800000003
"PLAT. DE CAPTAÇÃO E PRODUÇÃO";"Core IP JB - Fase 1 (50% Parque JB)";2026;1;983453,71
"PLAT. DE CAPTAÇÃO E PRODUÇÃO";"Core IP JB - Fase 1 (50% Parque JB)";2026;2;863083,44000000006
"PLAT. DE CAPTAÇÃO E PRODUÇÃO";"Core IP JB - Fase 1 (50% Parque JB)";2026;3;104607,74
"PLAT. DE CAPTAÇÃO E PRODUÇÃO";"Core IP JB - Fase 1 (50% Parque JB)";2026;4;13165,96
"PLAT. DE CAPTAÇÃO E PRODUÇÃO";"Core IP JB - Fase 1 (50% Parque JB)";2026;5;196013,71
"PLAT. DE CAPTAÇÃO E PRODUÇÃO";"Core IP JB - Fase 1 (50% Parque JB)";2026;6;484844,42000000004
"PLAT. DE CAPTAÇÃO E PRODUÇÃO";"Core IP JB - Fase 1 (50% Parque JB)";2026;7;106365,06000000001
"PLAT. DE CAPTAÇÃO E PRODUÇÃO";"Core IP JB - Fase 1 (50% Parque JB)";2026;8;163726,44
"PLAT. DE CAPTAÇÃO E PRODUÇÃO";"Core IP JB - Fase 1 (50% Parque JB)";2026;9;78853,45
"PLAT. DE CAPTAÇÃO E PRODUÇÃO";"Core IP JB - Fase 2 de 3";2026;3;74446,739999999991
"PLAT. DE CAPTAÇÃO E PRODUÇÃO";"Core IP JB - Fase 2 de 3";2026;4;20113,739999999998
"PLAT. DE CAPTAÇÃO E PRODUÇÃO";"Core IP JB - Fase 2 de 3";2026;5;140160,72000000003
"PLAT. DE CAPTAÇÃO E PRODUÇÃO";"Core IP JB - Fase 2 de 3";2026;6;560314,43
"PLAT. DE CAPTAÇÃO E PRODUÇÃO";"Core IP JB - Fase 2 de 3";2026;7;700321,83
"PLAT. DE CAPTAÇÃO E PRODUÇÃO";"Core IP JB - Fase 2 de 3";2026;8;603034,91999999993
"PLAT. DE CAPTAÇÃO E PRODUÇÃO";"Core IP JB - Fase 2 de 3";2026;9;292781,5
"PLAT. DE CAPTAÇÃO E PRODUÇÃO";"Escritório Londres";2026;8;36983,76
"PLAT. DE CAPTAÇÃO E PRODUÇÃO";"ESPORTE+ Solução de auto Mix AI";2026;1;54231,12
"PLAT. DE CAPTAÇÃO E PRODUÇÃO";"Estúdios EG Obsolescência";2026;1;1601,4
"PLAT. DE CAPTAÇÃO E PRODUÇÃO";"Fundação Roberto Marinho: Projeto GET Audiovisual";2026;7;405031,51
"PLAT. DE CAPTAÇÃO E PRODUÇÃO";"Fundação Roberto Marinho: Projeto GET Audiovisual";2026;8;63040,799999999996
"PLAT. DE CAPTAÇÃO E PRODUÇÃO";"Fundação Roberto Marinho: Projeto GET Audiovisual";2026;9;26919,85
"PLAT. DE CAPTAÇÃO E PRODUÇÃO";"Gnews no estúdio A";2026;1;514606,7
"PLAT. DE CAPTAÇÃO E PRODUÇÃO";"Gnews no estúdio A";2026;2;20276,480000000003
"PLAT. DE CAPTAÇÃO E PRODUÇÃO";"Gnews no estúdio A";2026;3;14043,59
"PLAT. DE CAPTAÇÃO E PRODUÇÃO";"Gnews no estúdio A";2026;4;28724,190000000002
"PLAT. DE CAPTAÇÃO E PRODUÇÃO";"Gnews no estúdio A";2026;5;326818,29
"PLAT. DE CAPTAÇÃO E PRODUÇÃO";"Gnews no estúdio A";2026;6;1520919,4400000002
"PLAT. DE CAPTAÇÃO E PRODUÇÃO";"Gnews no estúdio A";2026;7;562998,95
"PLAT. DE CAPTAÇÃO E PRODUÇÃO";"Gnews no estúdio A";2026;8;126597,58000000002
"PLAT. DE CAPTAÇÃO E PRODUÇÃO";"Gnews no estúdio A";2026;9;4932,54
"PLAT. DE CAPTAÇÃO E PRODUÇÃO";"Iluminação SP - Mesa e acessórios JG e JH";2026;6;216292
"PLAT. DE CAPTAÇÃO E PRODUÇÃO";"Iluminação SP - Mesa e acessórios JG e JH";2026;7;193989,02
"PLAT. DE CAPTAÇÃO E PRODUÇÃO";"Iluminação SP - Mesa e acessórios JG e JH";2026;9;5220,62
"PLAT. DE CAPTAÇÃO E PRODUÇÃO";"Inovação em C&P";2026;1;91879,63
"PLAT. DE CAPTAÇÃO E PRODUÇÃO";"Inovação em C&P";2026;2;48453,75
"PLAT. DE CAPTAÇÃO E PRODUÇÃO";"Inovação em C&P";2026;3;1718,28
"PLAT. DE CAPTAÇÃO E PRODUÇÃO";"Inovação em C&P";2026;6;17655
"PLAT. DE CAPTAÇÃO E PRODUÇÃO";"Inovação em C&P";2026;7;18946,82
"PLAT. DE CAPTAÇÃO E PRODUÇÃO";"Inovação em C&P";2026;8;23958,27
"PLAT. DE CAPTAÇÃO E PRODUÇÃO";"Inovação em C&P";2026;9;698,8
"PLAT. DE CAPTAÇÃO E PRODUÇÃO";"Kit Light Jornalismo - SP";2026;3;103,83
"PLAT. DE CAPTAÇÃO E PRODUÇÃO";"Kit Light Jornalismo - SP";2026;6;97830,46
"PLAT. DE CAPTAÇÃO E PRODUÇÃO";"Kit Light Jornalismo - SP";2026;7;95058,94
"PLAT. DE CAPTAÇÃO E PRODUÇÃO";"Kit Light Jornalismo - SP";2026;8;285562,07
"PLAT. DE CAPTAÇÃO E PRODUÇÃO";"Kit Light Jornalismo - SP";2026;9;185795,34999999998
"PLAT. DE CAPTAÇÃO E PRODUÇÃO";"Lentes Full Frame";2026;4;24480
"PLAT. DE CAPTAÇÃO E PRODUÇÃO";"Monitor Wall G5, Multiviewer CTL2 SP, COT CPP EG e Monitoração de Audio JB";2026;1;63588,35
"PLAT. DE CAPTAÇÃO E PRODUÇÃO";"Monitor Wall G5, Multiviewer CTL2 SP, COT CPP EG e Monitoração de Audio JB";2026;2;294259,25
"PLAT. DE CAPTAÇÃO E PRODUÇÃO";"Monitor Wall G5, Multiviewer CTL2 SP, COT CPP EG e Monitoração de Audio JB";2026;3;386189,74999999994
"PLAT. DE CAPTAÇÃO E PRODUÇÃO";"Monitor Wall G5, Multiviewer CTL2 SP, COT CPP EG e Monitoração de Audio JB";2026;4;86203,929999999978
"PLAT. DE CAPTAÇÃO E PRODUÇÃO";"Monitor Wall G5, Multiviewer CTL2 SP, COT CPP EG e Monitoração de Audio JB";2026;5;248166,43
"PLAT. DE CAPTAÇÃO E PRODUÇÃO";"Monitor Wall G5, Multiviewer CTL2 SP, COT CPP EG e Monitoração de Audio JB";2026;6;7676,51
"PLAT. DE CAPTAÇÃO E PRODUÇÃO";"Monitor Wall G5, Multiviewer CTL2 SP, COT CPP EG e Monitoração de Audio JB";2026;7;58817,560000000005
"PLAT. DE CAPTAÇÃO E PRODUÇÃO";"Monitor Wall G5, Multiviewer CTL2 SP, COT CPP EG e Monitoração de Audio JB";2026;8;34409,81
"PLAT. DE CAPTAÇÃO E PRODUÇÃO";"Monitor Wall G5, Multiviewer CTL2 SP, COT CPP EG e Monitoração de Audio JB";2026;9;3206,42
"PLAT. DE CAPTAÇÃO E PRODUÇÃO";"Monitoração e Contribuição G5 - Skype BH";2026;9;11053,8
"PLAT. DE CAPTAÇÃO E PRODUÇÃO";"Monitoração e Contribuição G5 - Skype BSA";2026;7;23380
"PLAT. DE CAPTAÇÃO E PRODUÇÃO";"Monitoração e Contribuição G5 - Skype BSA";2026;9;12705
"PLAT. DE CAPTAÇÃO E PRODUÇÃO";"Monitoração e Contribuição G5 - Skype ION";2026;9;35280
"PLAT. DE CAPTAÇÃO E PRODUÇÃO";"Monitoração e Contribuição G5 - Skype JB";2026;5;0
"PLAT. DE CAPTAÇÃO E PRODUÇÃO";"Monitoração e Contribuição G5 - Skype JB";2026;6;12299,99
"PLAT. DE CAPTAÇÃO E PRODUÇÃO";"Monitoração e Contribuição G5 - Skype SP";2026;6;10838,52
"PLAT. DE CAPTAÇÃO E PRODUÇÃO";"Monitoração e Contribuição G5 - Skype SP";2026;7;3200
"PLAT. DE CAPTAÇÃO E PRODUÇÃO";"Monitoração e Contribuição G5 - Skype SP";2026;9;14679,49
"PLAT. DE CAPTAÇÃO E PRODUÇÃO";"MVP da Orquestração do Produção Central";2026;1;12867,69
"PLAT. DE CAPTAÇÃO E PRODUÇÃO";"MVP da Orquestração do Produção Central";2026;3;124475,09
"PLAT. DE CAPTAÇÃO E PRODUÇÃO";"MVP da Orquestração do Produção Central";2026;4;18937,45
"PLAT. DE CAPTAÇÃO E PRODUÇÃO";"MVP da Orquestração do Produção Central";2026;6;42518,4
"PLAT. DE CAPTAÇÃO E PRODUÇÃO";"MVP da Orquestração do Produção Central";2026;7;49025,060000000005
"PLAT. DE CAPTAÇÃO E PRODUÇÃO";"MVP da Orquestração do Produção Central";2026;8;66403,2
"PLAT. DE CAPTAÇÃO E PRODUÇÃO";"MVP da Orquestração do Produção Central";2026;9;147009,9
"PLAT. DE CAPTAÇÃO E PRODUÇÃO";"Novo Cenário BDBR";2026;1;36205,71
"PLAT. DE CAPTAÇÃO E PRODUÇÃO";"Novo Cenário BDBR";2026;2;238748,58000000002
"PLAT. DE CAPTAÇÃO E PRODUÇÃO";"Novo Cenário BDBR";2026;3;245406,59000000003
"PLAT. DE CAPTAÇÃO E PRODUÇÃO";"Novo Cenário BDBR";2026;4;70733,15
"PLAT. DE CAPTAÇÃO E PRODUÇÃO";"Novo Cenário BDBR";2026;5;24333,61
"PLAT. DE CAPTAÇÃO E PRODUÇÃO";"Novo Cenário BDBR";2026;6;76237,78
"PLAT. DE CAPTAÇÃO E PRODUÇÃO";"Novo Cenário BDBR";2026;7;15400
"PLAT. DE CAPTAÇÃO E PRODUÇÃO";"Obs Comunicação Operacional - BH";2026;8;1420,01
"PLAT. DE CAPTAÇÃO E PRODUÇÃO";"Obs Comunicação Operacional - BH";2026;9;5300,13
"PLAT. DE CAPTAÇÃO E PRODUÇÃO";"Obs Comunicação Operacional - JB";2026;6;14960,4
"PLAT. DE CAPTAÇÃO E PRODUÇÃO";"Obs Comunicação Operacional - JB";2026;8;50531,31
"PLAT. DE CAPTAÇÃO E PRODUÇÃO";"Obs Comunicação Operacional - JB";2026;9;31579,51
"PLAT. DE CAPTAÇÃO E PRODUÇÃO";"Obs Comunicação Operacional - SP";2026;7;43833,52
"PLAT. DE CAPTAÇÃO E PRODUÇÃO";"Obs Comunicação Operacional - SP";2026;8;17000
"PLAT. DE CAPTAÇÃO E PRODUÇÃO";"Obs. Crítica Câmeras de Externa BH -  Fase 2";2026;7;31546,190000000002
"PLAT. DE CAPTAÇÃO E PRODUÇÃO";"Obs. Crítica Câmeras de Externa BH -  Fase 2";2026;8;114062,11000000002
"PLAT. DE CAPTAÇÃO E PRODUÇÃO";"Obs. Crítica Câmeras de Externa BH -  Fase 2";2026;9;27015,96
"PLAT. DE CAPTAÇÃO E PRODUÇÃO";"Obs. Crítica Câmeras de Externa BSA - Fase 2";2026;7;11972,6
"PLAT. DE CAPTAÇÃO E PRODUÇÃO";"Obs. Crítica Câmeras de Externa BSA - Fase 2";2026;8;164868,94
"PLAT. DE CAPTAÇÃO E PRODUÇÃO";"Obs. Crítica Câmeras de Externa BSA - Fase 2";2026;9;35855,53
"PLAT. DE CAPTAÇÃO E PRODUÇÃO";"Obs. Crítica Câmeras PTZs";2026;6;3761,95
"PLAT. DE CAPTAÇÃO E PRODUÇÃO";"Obs. Crítica Câmeras PTZs";2026;9;573936,58
"PLAT. DE CAPTAÇÃO E PRODUÇÃO";"Obs. Crítica Câmeras Super Slow";2026;7;27810
"PLAT. DE CAPTAÇÃO E PRODUÇÃO";"Obs. Crítica Câmeras Super Slow";2026;8;105975,97
"PLAT. DE CAPTAÇÃO E PRODUÇÃO";"Obs. Crítica Canhões Seguidores MG2 (2026)";2026;6;423526,87
"PLAT. DE CAPTAÇÃO E PRODUÇÃO";"Obs. Crítica Canhões Seguidores MG2 (2026)";2026;9;42397,950000000004
"PLAT. DE CAPTAÇÃO E PRODUÇÃO";"Obs. Crítica Dramaturgia EG - Mattebox";2026;7;43407,31
"PLAT. DE CAPTAÇÃO E PRODUÇÃO";"Obs. Crítica Dramaturgia EG - Mattebox";2026;8;419527,68000000005
"PLAT. DE CAPTAÇÃO E PRODUÇÃO";"Obs. Crítica Dramaturgia EG - Mattebox";2026;9;20291,4
"PLAT. DE CAPTAÇÃO E PRODUÇÃO";"Obs. Crítica Dramaturgia EG - Monitores UPP (TV Logic)";2026;7;311241,38
"PLAT. DE CAPTAÇÃO E PRODUÇÃO";"Obs. Crítica Dramaturgia EG - Monitores UPP (TV Logic)";2026;8;63304,14
"PLAT. DE CAPTAÇÃO E PRODUÇÃO";"Obs. Crítica Dramaturgia EG - Monitores UPP (TV Logic)";2026;9;34969,619999999995
"PLAT. DE CAPTAÇÃO E PRODUÇÃO";"Obs. Crítica Dramaturgia EG - Sistema de Mobilidade (Teradek)";2026;6;63929,189999999995
"PLAT. DE CAPTAÇÃO E PRODUÇÃO";"Obs. Crítica Dramaturgia EG - Sistema de Mobilidade (Teradek)";2026;7;17496,92
"PLAT. DE CAPTAÇÃO E PRODUÇÃO";"Obs. Crítica Dramaturgia EG - Sistema de Mobilidade (Teradek)";2026;8;28140,989999999998
"PLAT. DE CAPTAÇÃO E PRODUÇÃO";"Obs. Crítica Dramaturgia EG - Sistema de Mobilidade (Teradek)";2026;9;40167,17
"PLAT. DE CAPTAÇÃO E PRODUÇÃO";"Obs. Crítica Refletores (MG1/MG4) Fase 2 (2026)";2026;5;4854
"PLAT. DE CAPTAÇÃO E PRODUÇÃO";"Obs. Crítica Refletores (MG1/MG4) Fase 2 (2026)";2026;6;0
"PLAT. DE CAPTAÇÃO E PRODUÇÃO";"Obs. Crítica Refletores (MG1/MG4) Fase 2 (2026)";2026;7;36522
"PLAT. DE CAPTAÇÃO E PRODUÇÃO";"Obs. Crítica Refletores (MG1/MG4) Fase 2 (2026)";2026;8;1428
"PLAT. DE CAPTAÇÃO E PRODUÇÃO";"Obs. Crítica Robôs ION";2026;6;27810
"PLAT. DE CAPTAÇÃO E PRODUÇÃO";"Obs. Crítica Robôs ION";2026;8;63263,04
"PLAT. DE CAPTAÇÃO E PRODUÇÃO";"Obs. Crítica Robôs ION";2026;9;77735,83
"PLAT. DE CAPTAÇÃO E PRODUÇÃO";"Obs. Crítica Sistema de Trânsito REC";2026;9;20879,4
"PLAT. DE CAPTAÇÃO E PRODUÇÃO";"Obs. Crítica Sistema de Trânsito SP";2026;7;26478
"PLAT. DE CAPTAÇÃO E PRODUÇÃO";"Obs. Crítica Sistema de Trânsito SP";2026;8;20122
"PLAT. DE CAPTAÇÃO E PRODUÇÃO";"Obs. Crítica TP BH";2026;9;20879,4
"PLAT. DE CAPTAÇÃO E PRODUÇÃO";"Obs. Crítica Tripes EG";2026;8;73147,72
"PLAT. DE CAPTAÇÃO E PRODUÇÃO";"Obsolescência - Microfone Sem fio e Paineis de Comunicação";2026;1;98388,85
"PLAT. DE CAPTAÇÃO E PRODUÇÃO";"Obsolescência - Microfone Sem fio e Paineis de Comunicação";2026;2;1585,36
"PLAT. DE CAPTAÇÃO E PRODUÇÃO";"Obsolescência - Microfone Sem fio e Paineis de Comunicação";2026;3;21661
"PLAT. DE CAPTAÇÃO E PRODUÇÃO";"Obsolescência - Microfone Sem fio e Paineis de Comunicação";2026;4;3766,4
"PLAT. DE CAPTAÇÃO E PRODUÇÃO";"Obsolescência - Microfone Sem fio e Paineis de Comunicação";2026;7;61109,41
"PLAT. DE CAPTAÇÃO E PRODUÇÃO";"Obsolescência - Microfone Sem fio e Paineis de Comunicação";2026;8;126952,58
"PLAT. DE CAPTAÇÃO E PRODUÇÃO";"Obsolescência - Microfone Sem fio e Paineis de Comunicação";2026;9;217471,47
"PLAT. DE CAPTAÇÃO E PRODUÇÃO";"Obsolescencia - Mixer Fantastico";2026;5;70700,86
"PLAT. DE CAPTAÇÃO E PRODUÇÃO";"Obsolescência - Roadmap de Câmeras 2024";2026;3;82855,36
"PLAT. DE CAPTAÇÃO E PRODUÇÃO";"Obsolescência - Roadmap de Câmeras 2024";2026;4;27526,71
"PLAT. DE CAPTAÇÃO E PRODUÇÃO";"Obsolescência - Roadmap de Câmeras 2024";2026;5;301,29
"PLAT. DE CAPTAÇÃO E PRODUÇÃO";"Obsolescência - Roadmap de Câmeras 2024";2026;6;14706,669999999998
"PLAT. DE CAPTAÇÃO E PRODUÇÃO";"Obsolescência - Roadmap de Câmeras 2024";2026;7;36405
"PLAT. DE CAPTAÇÃO E PRODUÇÃO";"Obsolescência - Roadmap de Câmeras 2024";2026;8;2280
"PLAT. DE CAPTAÇÃO E PRODUÇÃO";"Obsolescência Crítica kits microfone";2026;1;120934,43
"PLAT. DE CAPTAÇÃO E PRODUÇÃO";"Obsolescência Crítica kits microfone";2026;3;4260
"PLAT. DE CAPTAÇÃO E PRODUÇÃO";"Obsolescência Crítica kits microfone";2026;5;23741,17
"PLAT. DE CAPTAÇÃO E PRODUÇÃO";"Obsolescência Crítica kits microfone";2026;6;0
"PLAT. DE CAPTAÇÃO E PRODUÇÃO";"Obsolescência Crítica kits microfone";2026;7;120470,86
"PLAT. DE CAPTAÇÃO E PRODUÇÃO";"Obsolescência Crítica kits microfone";2026;8;57890,05
"PLAT. DE CAPTAÇÃO E PRODUÇÃO";"Obsolescência Crítica kits microfone";2026;9;22792,92
"PLAT. DE CAPTAÇÃO E PRODUÇÃO";"Obsolescência Crítica Sist. Áudio - JB, SP e MG-2";2026;1;55634,59
"PLAT. DE CAPTAÇÃO E PRODUÇÃO";"Obsolescência Crítica Sist. Áudio - JB, SP e MG-2";2026;2;5030,57
"PLAT. DE CAPTAÇÃO E PRODUÇÃO";"Obsolescencia Gravadores Multipista MG1";2026;6;7954,3
"PLAT. DE CAPTAÇÃO E PRODUÇÃO";"Obsolescencia Gravadores Multipista MG1";2026;7;31000
"PLAT. DE CAPTAÇÃO E PRODUÇÃO";"Obsolescência Kits TP BH, DF, REC E ION";2026;2;377,17
"PLAT. DE CAPTAÇÃO E PRODUÇÃO";"Obsolescência Kits TP BH, DF, REC E ION";2026;3;627,75
"PLAT. DE CAPTAÇÃO E PRODUÇÃO";"Obsolescência Kits TP BH, DF, REC E ION";2026;7;96251,86
"PLAT. DE CAPTAÇÃO E PRODUÇÃO";"Obsolescência Kits TP BH, DF, REC E ION";2026;9;28065
"PLAT. DE CAPTAÇÃO E PRODUÇÃO";"Obsolescência Microfones - PRJ";2026;5;1060,74
"PLAT. DE CAPTAÇÃO E PRODUÇÃO";"Obsolescência Microfones - PRJ";2026;7;78717,73
"PLAT. DE CAPTAÇÃO E PRODUÇÃO";"Obsolescência Microfones - PRJ";2026;8;27913,84
"PLAT. DE CAPTAÇÃO E PRODUÇÃO";"Obsolescência Microfones - PRJ";2026;9;217621,36
"PLAT. DE CAPTAÇÃO E PRODUÇÃO";"Obsolescência UPPs Dramaturgia (2023)";2026;6;450
"PLAT. DE CAPTAÇÃO E PRODUÇÃO";"Operação Remota BSA x JB";2026;1;8865,52
"PLAT. DE CAPTAÇÃO E PRODUÇÃO";"Plataforma de Controles BH";2026;2;616,07
"PLAT. DE CAPTAÇÃO E PRODUÇÃO";"Plataforma de Controles BH";2026;3;27779,38
"PLAT. DE CAPTAÇÃO E PRODUÇÃO";"Plataforma de Controles BH";2026;4;775624,90999999992
"PLAT. DE CAPTAÇÃO E PRODUÇÃO";"Plataforma de Controles BH";2026;5;290897,69000000006
"PLAT. DE CAPTAÇÃO E PRODUÇÃO";"Plataforma de Controles BH";2026;6;676528,03
"PLAT. DE CAPTAÇÃO E PRODUÇÃO";"Plataforma de Controles BH";2026;7;1288872,7099999997
"PLAT. DE CAPTAÇÃO E PRODUÇÃO";"Plataforma de Controles BH";2026;8;5303579,0800000019
"PLAT. DE CAPTAÇÃO E PRODUÇÃO";"Plataforma de Controles BH";2026;9;1259180,7099999997
"PLAT. DE CAPTAÇÃO E PRODUÇÃO";"Plataforma de Controles JB - Controle 3";2026;4;137053,07
"PLAT. DE CAPTAÇÃO E PRODUÇÃO";"Plataforma de Controles JB - Controle 3";2026;6;211581,38
"PLAT. DE CAPTAÇÃO E PRODUÇÃO";"Plataforma de Controles JB - Controle 3";2026;8;81,34
"PLAT. DE CAPTAÇÃO E PRODUÇÃO";"Plataforma de Controles RJ - Obs. Controle 3 ION";2026;1;145168,42
"PLAT. DE CAPTAÇÃO E PRODUÇÃO";"Plataforma de Controles RJ - Obs. Controle 3 ION";2026;2;4145,2999999999993
"PLAT. DE CAPTAÇÃO E PRODUÇÃO";"Plataforma de Controles RJ - Obs. Controle 3 ION";2026;3;35285,71
"PLAT. DE CAPTAÇÃO E PRODUÇÃO";"Plataforma de Controles RJ - Obs. Controle 3 ION";2026;4;2407,34
"PLAT. DE CAPTAÇÃO E PRODUÇÃO";"Plataforma de Controles RJ - Obs. Controle 3 ION";2026;6;0
"PLAT. DE CAPTAÇÃO E PRODUÇÃO";"Plataforma de Controles RJ - Obs. Controle 3 ION";2026;7;8135,37
"PLAT. DE CAPTAÇÃO E PRODUÇÃO";"Plataforma de Controles RJ - Obs. Controle 3 ION";2026;9;4873,49
"PLAT. DE CAPTAÇÃO E PRODUÇÃO";"Plataforma de Controles SP - Obs. Controle 1 SP_1";2026;1;383845,07999999996
"PLAT. DE CAPTAÇÃO E PRODUÇÃO";"Plataforma de Controles SP - Obs. Controle 1 SP_1";2026;2;231044,39
"PLAT. DE CAPTAÇÃO E PRODUÇÃO";"Plataforma de Controles SP - Obs. Controle 1 SP_1";2026;3;79092,12000000001
"PLAT. DE CAPTAÇÃO E PRODUÇÃO";"Plataforma de Controles SP - Obs. Controle 1 SP_1";2026;4;700393,73
"PLAT. DE CAPTAÇÃO E PRODUÇÃO";"Plataforma de Controles SP - Obs. Controle 1 SP_1";2026;5;167927,34000000003
"PLAT. DE CAPTAÇÃO E PRODUÇÃO";"Plataforma de Controles SP - Obs. Controle 1 SP_1";2026;6;229803,62000000002
"PLAT. DE CAPTAÇÃO E PRODUÇÃO";"Plataforma de Controles SP - Obs. Controle 1 SP_1";2026;7;35780,75
"PLAT. DE CAPTAÇÃO E PRODUÇÃO";"Plataforma de Controles SP - Obs. Controle 1 SP_1";2026;8;5376,46
"PLAT. DE CAPTAÇÃO E PRODUÇÃO";"Plataforma de Controles SP - Obs. Controle 1 SP_1";2026;9;25485,27
"PLAT. DE CAPTAÇÃO E PRODUÇÃO";"Produção Central Multisites + HLD de Conectividade";2026;1;24169,53
"PLAT. DE CAPTAÇÃO E PRODUÇÃO";"Produção Central Multisites + HLD de Conectividade";2026;6;0
"PLAT. DE CAPTAÇÃO E PRODUÇÃO";"Produção Central Multisites + HLD de Conectividade";2026;7;0
"PLAT. DE CAPTAÇÃO E PRODUÇÃO";"Produção Central Multisites + HLD de Conectividade";2026;8;23472,72
"PLAT. DE CAPTAÇÃO E PRODUÇÃO";"Produção de conteúdos MPEG-H Rio e SP";2026;2;634,05
"PLAT. DE CAPTAÇÃO E PRODUÇÃO";"Produção de conteúdos MPEG-H Rio e SP";2026;5;1113,56
"PLAT. DE CAPTAÇÃO E PRODUÇÃO";"Produção Futebol+ em 4K HDR";2026;2;72264,18
"PLAT. DE CAPTAÇÃO E PRODUÇÃO";"Produção Futebol+ em 4K HDR";2026;3;14970
"PLAT. DE CAPTAÇÃO E PRODUÇÃO";"Produção Futebol+ em 4K HDR";2026;4;61185,84
"PLAT. DE CAPTAÇÃO E PRODUÇÃO";"Produção Futebol+ em 4K HDR";2026;6;25298,6
"PLAT. DE CAPTAÇÃO E PRODUÇÃO";"Produção Futebol+ em 4K HDR";2026;7;17793,19
"PLAT. DE CAPTAÇÃO E PRODUÇÃO";"Produção Futebol+ em 4K HDR";2026;8;29340
"PLAT. DE CAPTAÇÃO E PRODUÇÃO";"Roadmap Controles - Obsolescência Audio Mixer";2026;6;126007,48
"PLAT. DE CAPTAÇÃO E PRODUÇÃO";"Roadmap Controles - Obsolescência Audio Mixer";2026;8;4910
"PLAT. DE CAPTAÇÃO E PRODUÇÃO";"Roadmap Controles - Obsolescência Audio Mixer";2026;9;105855,38
"PLAT. DE CAPTAÇÃO E PRODUÇÃO";"Roadmap Controles - Obsolescência Multiviewer";2026;1;119202,1
"PLAT. DE CAPTAÇÃO E PRODUÇÃO";"Roadmap Controles - Obsolescência Multiviewer";2026;3;31526,19
"PLAT. DE CAPTAÇÃO E PRODUÇÃO";"Roadmap Controles - Obsolescência Multiviewer";2026;4;83480,12000000001
"PLAT. DE CAPTAÇÃO E PRODUÇÃO";"Roadmap Controles - Obsolescência Multiviewer";2026;5;252184,06
"PLAT. DE CAPTAÇÃO E PRODUÇÃO";"Roadmap de Câmeras - Dramaturgia - Fase 3";2026;4;14119
"PLAT. DE CAPTAÇÃO E PRODUÇÃO";"Roadmap de Câmeras - DSLR";2026;2;17158,3
"PLAT. DE CAPTAÇÃO E PRODUÇÃO";"Roadmap de Iluminação - Carros de Iluminação EG";2026;1;101115,62000000001
"PLAT. DE CAPTAÇÃO E PRODUÇÃO";"Roadmap de Iluminação - Carros de Iluminação EG";2026;2;48646,28
"PLAT. DE CAPTAÇÃO E PRODUÇÃO";"Roadmap de Iluminação - Carros de Iluminação EG";2026;3;63508,53
"PLAT. DE CAPTAÇÃO E PRODUÇÃO";"Roadmap de Iluminação - Carros de Iluminação EG";2026;4;271371,83
"PLAT. DE CAPTAÇÃO E PRODUÇÃO";"Roadmap de Iluminação - Carros de Iluminação EG";2026;5;35350,82
"PLAT. DE CAPTAÇÃO E PRODUÇÃO";"Roadmap de Iluminação - Carros de Iluminação EG";2026;6;167490,35
"PLAT. DE CAPTAÇÃO E PRODUÇÃO";"Roadmap de Iluminação - Carros de Iluminação EG";2026;7;20506,2
"PLAT. DE CAPTAÇÃO E PRODUÇÃO";"Roadmap de Iluminação - Carros de Iluminação EG";2026;8;11464,229999999998
"PLAT. DE CAPTAÇÃO E PRODUÇÃO";"Roadmap de Iluminação - Carros de Iluminação EG";2026;9;22145,93
"PLAT. DE CAPTAÇÃO E PRODUÇÃO";"Roadmap de Iluminação - Obsolescência";2026;1;30284,71
"PLAT. DE CAPTAÇÃO E PRODUÇÃO";"Roadmap de Iluminação - Obsolescência";2026;2;18840
"PLAT. DE CAPTAÇÃO E PRODUÇÃO";"Roadmap de Iluminação - Obsolescência";2026;4;3736,8
"PLAT. DE CAPTAÇÃO E PRODUÇÃO";"Roadmap de Iluminação - Obsolescência";2026;5;315,5
"PLAT. DE CAPTAÇÃO E PRODUÇÃO";"Roadmap Estudio Rede 4k - Cameras RJ";2026;3;362006,97
"PLAT. DE CAPTAÇÃO E PRODUÇÃO";"Roadmap Estudio Rede 4k - Cameras RJ";2026;8;22814,03
"PLAT. DE CAPTAÇÃO E PRODUÇÃO";"Roadmap Estudio Rede 4k - Cameras RJ";2026;9;19385,3
"PLAT. DE CAPTAÇÃO E PRODUÇÃO";"Roadmap Estudio Rede 4k - Cameras SP";2026;8;189722,47
"PLAT. DE CAPTAÇÃO E PRODUÇÃO";"Roadmap Estudio Rede 4k - Cameras SP";2026;9;60277,53
"PLAT. DE CAPTAÇÃO E PRODUÇÃO";"Sistema de Estabilização de Câmera";2026;7;3699,51
"PLAT. DE CAPTAÇÃO E PRODUÇÃO";"Sistema de Estabilização de Câmera";2026;8;44611,65
"PLAT. DE CAPTAÇÃO E PRODUÇÃO";"Sistema de Movimentação BSA - Obs. Crítica";2026;3;29523,81
"PLAT. DE CAPTAÇÃO E PRODUÇÃO";"Sistema de Movimentação BSA - Obs. Crítica";2026;4;4759,19
"PLAT. DE CAPTAÇÃO E PRODUÇÃO";"Sistema de Movimentação BSA - Obs. Crítica";2026;5;54,61
"PLAT. DE CAPTAÇÃO E PRODUÇÃO";"Sistema de Movimentação BSA - Obs. Crítica";2026;8;3040,39
"PLAT. DE CAPTAÇÃO E PRODUÇÃO";"Tecnologia Nova Sede Brasília";2026;6;105547,52
"PLAT. DE CAPTAÇÃO E PRODUÇÃO";"Tecnologia Nova Sede Brasília";2026;7;67203,99
"PLAT. DE CAPTAÇÃO E PRODUÇÃO";"Tecnologia Nova Sede Brasília";2026;8;293409,66
"PLAT. DE CAPTAÇÃO E PRODUÇÃO";"Tecnologia Nova Sede Brasília";2026;9;219476,44000000003
"PLAT. DE CAPTAÇÃO E PRODUÇÃO";"UPR – Unidade de Produção Remota";2026;1;144992,52
"PLAT. DE METADADOS E MÍDIAS";"Acervo Musical Integrado e Desativação do SOM";2026;7;14970,48
"PLAT. DE METADADOS E MÍDIAS";"Acervo Musical Integrado e Desativação do SOM";2026;8;20409,62
"PLAT. DE METADADOS E MÍDIAS";"Cloudification e Evolução";2026;3;69000
"PLAT. DE METADADOS E MÍDIAS";"Desativação Gradeweb (migração para o Guia)";2026;2;50000
"PLAT. DE METADADOS E MÍDIAS";"Desativação Gradeweb (migração para o Guia)";2026;4;195000
"PLAT. DE METADADOS E MÍDIAS";"Desativação Gradeweb (migração para o Guia)";2026;5;25000
"PLAT. DE METADADOS E MÍDIAS";"Desativação Gradeweb (migração para o Guia)";2026;6;50000
"PLAT. DE METADADOS E MÍDIAS";"Desativação Gradeweb (migração para o Guia)";2026;8;50000
"PLAT. DE METADADOS E MÍDIAS";"Desativação Gradeweb (migração para o Guia)";2026;9;25000
"PLAT. DE METADADOS E MÍDIAS";"Desenvolvimento do Hub de Direitos";2026;6;117500
"PLAT. DE METADADOS E MÍDIAS";"Desenvolvimento do Hub de Direitos";2026;7;144862,16
"PLAT. DE METADADOS E MÍDIAS";"Desenvolvimento do Hub de Direitos";2026;9;135419,39
"PLAT. DE METADADOS E MÍDIAS";"Globo Midia";2026;1;3821,2
"PLAT. DE METADADOS E MÍDIAS";"Globo Midia";2026;6;78859,81
"PLAT. DE METADADOS E MÍDIAS";"Globo Midia";2026;7;7237,5
"PLAT. DE METADADOS E MÍDIAS";"Globo Mídia - Integrações com Plataformas de Mídias e Dados e Evolução do UniCo";2026;1;17586,19
"PLAT. DE METADADOS E MÍDIAS";"Globo Mídia - Integrações com Plataformas de Mídias e Dados e Evolução do UniCo";2026;2;76800
"PLAT. DE METADADOS E MÍDIAS";"Globo Mídia - Integrações com Plataformas de Mídias e Dados e Evolução do UniCo";2026;3;59380,8
"PLAT. DE METADADOS E MÍDIAS";"Globo Mídia - Integrações com Plataformas de Mídias e Dados e Evolução do UniCo";2026;4;88937,98000000001
"PLAT. DE METADADOS E MÍDIAS";"Globo Mídia - Integrações com Plataformas de Mídias e Dados e Evolução do UniCo";2026;5;70274,9
"PLAT. DE METADADOS E MÍDIAS";"Globo Mídia - Integrações com Plataformas de Mídias e Dados e Evolução do UniCo";2026;6;856422,35
"PLAT. DE METADADOS E MÍDIAS";"Globo Mídia - Integrações com Plataformas de Mídias e Dados e Evolução do UniCo";2026;7;368321,91000000003
"PLAT. DE METADADOS E MÍDIAS";"Globo Mídia - Integrações com Plataformas de Mídias e Dados e Evolução do UniCo";2026;8;75374,41
"PLAT. DE METADADOS E MÍDIAS";"Globo Mídia - Integrações com Plataformas de Mídias e Dados e Evolução do UniCo";2026;9;124990
"PLAT. DE METADADOS E MÍDIAS";"Migração dos Sistemas legados do Acervo EG";2026;6;365230,38
"PLAT. DE METADADOS E MÍDIAS";"Migração dos Sistemas legados do Acervo EG";2026;7;15000
"PLAT. DE METADADOS E MÍDIAS";"Migração dos Sistemas legados do Acervo EG";2026;9;118600,09999999999
"PLAT. DE METADADOS E MÍDIAS";"Obs. Servidores ACTORs DIVA + Upgrade LTO ION";2026;1;51893,92
"PLAT. DE METADADOS E MÍDIAS";"Obs. Servidores ACTORs DIVA + Upgrade LTO ION";2026;2;58277,77
"PLAT. DE METADADOS E MÍDIAS";"Obs. Servidores ACTORs DIVA + Upgrade LTO ION";2026;3;57028,8
"PLAT. DE METADADOS E MÍDIAS";"Obs. Servidores ACTORs DIVA + Upgrade LTO ION";2026;4;3739,4
"PLAT. DE METADADOS E MÍDIAS";"Obs. Servidores ACTORs DIVA + Upgrade LTO ION";2026;9;162640,28000000003
"PLAT. DE METADADOS E MÍDIAS";"Obsolescência Ilhas edição Acervo";2026;7;40916
"PLAT. DE METADADOS E MÍDIAS";"Obsolescência Ilhas edição Acervo";2026;8;20458
"PLAT. DE METADADOS E MÍDIAS";"Obsolescência Ilhas edição Acervo";2026;9;20458
"PLAT. DE METADADOS E MÍDIAS";"Upgrade da Aplicação do MAM/PAM VIZRT";2026;1;39130,57
"PLAT. DE METADADOS E MÍDIAS";"Upgrade da Aplicação do MAM/PAM VIZRT";2026;3;30000
"PLAT. DE METADADOS E MÍDIAS";"Upgrade da Aplicação do MAM/PAM VIZRT";2026;4;30000
"PLAT. DE METADADOS E MÍDIAS";"Upgrade da Aplicação do MAM/PAM VIZRT";2026;5;30000
"PLAT. DE METADADOS E MÍDIAS";"Upgrade da Aplicação do MAM/PAM VIZRT";2026;6;15000
"PLAT. DE METADADOS E MÍDIAS";"Upgrade da Aplicação do MAM/PAM VIZRT";2026;7;15000
"PLAT. DE METADADOS E MÍDIAS";"Upgrade Mecalux";2026;6;31930
"PLAT. DE METADADOS E MÍDIAS";"Upgrade Mecalux";2026;9;84337,62
"PLAT. DE PÓS-PROD. E DESIGN";"Ambiente de Criação GC 4K SP";2026;1;54407,95
"PLAT. DE PÓS-PROD. E DESIGN";"Ambiente de Criação GC 4K SP";2026;2;1148,92
"PLAT. DE PÓS-PROD. E DESIGN";"Ambiente de Criação GC 4K SP";2026;3;54012
"PLAT. DE PÓS-PROD. E DESIGN";"Ambiente de Criação GC 4K SP";2026;4;23449,5
"PLAT. DE PÓS-PROD. E DESIGN";"Ambiente de Criação GC 4K SP";2026;5;24504
"PLAT. DE PÓS-PROD. E DESIGN";"Ambiente de Criação GC 4K SP";2026;6;5319,32
"PLAT. DE PÓS-PROD. E DESIGN";"Ambiente de Criação GC 4K SP";2026;8;444
"PLAT. DE PÓS-PROD. E DESIGN";"Áudio Imersivo MPEG-H (Sonos: 2 EG + 1 SP)";2026;1;25343,62
"PLAT. DE PÓS-PROD. E DESIGN";"Áudio Imersivo MPEG-H (Sonos: 2 EG + 1 SP)";2026;2;3425,5099999999998
"PLAT. DE PÓS-PROD. E DESIGN";"Áudio Imersivo MPEG-H (Sonos: 2 EG + 1 SP)";2026;3;34055
"PLAT. DE PÓS-PROD. E DESIGN";"Áudio Imersivo MPEG-H (Sonos: 2 EG + 1 SP)";2026;4;29845,2
"PLAT. DE PÓS-PROD. E DESIGN";"Áudio Imersivo MPEG-H (Sonos: 2 EG + 1 SP)";2026;5;57242,08
"PLAT. DE PÓS-PROD. E DESIGN";"Áudio Imersivo MPEG-H (Sonos: 2 EG + 1 SP)";2026;6;29951,76
"PLAT. DE PÓS-PROD. E DESIGN";"Áudio Imersivo MPEG-H (Sonos: 2 EG + 1 SP)";2026;7;7500
"PLAT. DE PÓS-PROD. E DESIGN";"Áudio Imersivo MPEG-H (Sonos: 2 EG + 1 SP)";2026;8;12808
"PLAT. DE PÓS-PROD. E DESIGN";"Áudio Imersivo MPEG-H (Sonos: 2 EG + 1 SP)";2026;9;298
"PLAT. DE PÓS-PROD. E DESIGN";"Backend GC ION & Homolog GC EG";2026;1;246611,66999999998
"PLAT. DE PÓS-PROD. E DESIGN";"Backend GC ION & Homolog GC EG";2026;2;150768,63999999998
"PLAT. DE PÓS-PROD. E DESIGN";"Backend GC ION & Homolog GC EG";2026;3;119118,19
"PLAT. DE PÓS-PROD. E DESIGN";"Backend GC ION & Homolog GC EG";2026;4;72944,989999999991
"PLAT. DE PÓS-PROD. E DESIGN";"Backend GC ION & Homolog GC EG";2026;5;44616,140000000007
"PLAT. DE PÓS-PROD. E DESIGN";"Backend GC ION & Homolog GC EG";2026;6;217154,1
"PLAT. DE PÓS-PROD. E DESIGN";"Backend GC ION & Homolog GC EG";2026;7;153727,9
"PLAT. DE PÓS-PROD. E DESIGN";"Backend GC ION & Homolog GC EG";2026;8;130333,13
"PLAT. DE PÓS-PROD. E DESIGN";"Backend GC ION & Homolog GC EG";2026;9;14593,28
"PLAT. DE PÓS-PROD. E DESIGN";"Campo tático";2026;4;15600
"PLAT. DE PÓS-PROD. E DESIGN";"Estações Design (33) - EG";2026;7;385798,81
"PLAT. DE PÓS-PROD. E DESIGN";"Estações Design (33) - EG";2026;8;103617,70999999999
"PLAT. DE PÓS-PROD. E DESIGN";"Estações Design (33) - EG";2026;9;40202,99
"PLAT. DE PÓS-PROD. E DESIGN";"Estações Design (7) - SP";2026;6;83979,21
"PLAT. DE PÓS-PROD. E DESIGN";"Estações Design (7) - SP";2026;7;45585,84
"PLAT. DE PÓS-PROD. E DESIGN";"Estações VFX (30)";2026;1;116837
"PLAT. DE PÓS-PROD. E DESIGN";"Estações VFX (30)";2026;2;65625
"PLAT. DE PÓS-PROD. E DESIGN";"Estações VFX (30)";2026;4;10349,6
"PLAT. DE PÓS-PROD. E DESIGN";"Estações VFX (30)";2026;6;13080,88
"PLAT. DE PÓS-PROD. E DESIGN";"Estações VFX (30)";2026;7;22351,5
"PLAT. DE PÓS-PROD. E DESIGN";"Estações VFX (30)";2026;8;6017,8099999999995
"PLAT. DE PÓS-PROD. E DESIGN";"GC 4K JB - CTL 3";2026;6;267996,95
"PLAT. DE PÓS-PROD. E DESIGN";"GC 4K JB - CTL 3";2026;7;398343,37
"PLAT. DE PÓS-PROD. E DESIGN";"GC 4K JB - CTL 3";2026;8;30718,5
"PLAT. DE PÓS-PROD. E DESIGN";"GC 4K JB - CTL 3";2026;9;870355,08
"PLAT. DE PÓS-PROD. E DESIGN";"Ilhas de colorização EG (1 de 4)";2026;3;30240
"PLAT. DE PÓS-PROD. E DESIGN";"Ilhas de colorização EG (1 de 4)";2026;6;10717,45
"PLAT. DE PÓS-PROD. E DESIGN";"Ilhas de colorização EG (1 de 4)";2026;7;48907,84
"PLAT. DE PÓS-PROD. E DESIGN";"Ilhas de colorização EG (1 de 4)";2026;8;10057,51
"PLAT. DE PÓS-PROD. E DESIGN";"Ilhas de colorização EG (1 de 4)";2026;9;5662,76
"PLAT. DE PÓS-PROD. E DESIGN";"Ilhas de Edição (42)";2026;1;8388,28
"PLAT. DE PÓS-PROD. E DESIGN";"Ilhas de Edição (42)";2026;2;20652,54
"PLAT. DE PÓS-PROD. E DESIGN";"Ilhas de Edição (42)";2026;3;1330239,12
"PLAT. DE PÓS-PROD. E DESIGN";"Ilhas de Edição (42)";2026;4;2234334,34
"PLAT. DE PÓS-PROD. E DESIGN";"Ilhas de Edição (42)";2026;5;111803,76000000001
"PLAT. DE PÓS-PROD. E DESIGN";"Ilhas de Edição (42)";2026;6;56268,82
"PLAT. DE PÓS-PROD. E DESIGN";"Ilhas de Edição (42)";2026;7;19523,46
"PLAT. DE PÓS-PROD. E DESIGN";"Ilhas de Edição (42)";2026;8;6341,6
"PLAT. DE PÓS-PROD. E DESIGN";"Ilhas de Edição (42)";2026;9;111568,09000000001
"PLAT. DE PÓS-PROD. E DESIGN";"MVP Produção Virtual XR (Dramaturgia)";2026;7;0
"PLAT. DE PÓS-PROD. E DESIGN";"Obs. Ingest Live Ion - Fase 2";2026;1;1050357,31
"PLAT. DE PÓS-PROD. E DESIGN";"Obs. Ingest Live Ion - Fase 2";2026;3;161794,69
"PLAT. DE PÓS-PROD. E DESIGN";"Obs. Ingest Live Ion - Fase 2";2026;4;43683,75
"PLAT. DE PÓS-PROD. E DESIGN";"Obs. Ingest Live Ion - Fase 2";2026;5;69018,08
"PLAT. DE PÓS-PROD. E DESIGN";"Obs. Ingest Live Ion - Fase 2";2026;6;1723,8
"PLAT. DE PÓS-PROD. E DESIGN";"Obs. Ingest Live Ion - Fase 2";2026;7;11704,72
"PLAT. DE PÓS-PROD. E DESIGN";"Obs. VDI (1 cluster de 3 - 12 ilhas)";2026;1;64530,19
"PLAT. DE PÓS-PROD. E DESIGN";"Obs. VDI (1 cluster de 3 - 12 ilhas)";2026;5;42722,44
"PLAT. DE PÓS-PROD. E DESIGN";"Obsolescência - BBB Página em Branco - Fase 3";2026;1;-23,5
"PLAT. DE PÓS-PROD. E DESIGN";"Obsolescência - BBB Página em Branco - Fase 3";2026;4;19095,8
"PLAT. DE PÓS-PROD. E DESIGN";"Obsolescência - BBB Página em Branco - Fase 3";2026;6;296738,4
"PLAT. DE PÓS-PROD. E DESIGN";"Obsolescência - BBB Página em Branco - Fase 3";2026;8;130
"PLAT. DE PÓS-PROD. E DESIGN";"Obsolescência - Composição Flame";2026;1;3853,46
"PLAT. DE PÓS-PROD. E DESIGN";"Obsolescência - Composição Flame";2026;2;10771,24
"PLAT. DE PÓS-PROD. E DESIGN";"Obsolescência - Composição Flame";2026;3;7961,45
"PLAT. DE PÓS-PROD. E DESIGN";"Obsolescência - Composição Flame";2026;4;90163,03
"PLAT. DE PÓS-PROD. E DESIGN";"Obsolescência - Composição Flame";2026;5;7915,72
"PLAT. DE PÓS-PROD. E DESIGN";"Obsolescência - Composição Flame";2026;8;8337
"PLAT. DE PÓS-PROD. E DESIGN";"Obsolescência - Composição Flame";2026;9;11097,5
"PLAT. DE PÓS-PROD. E DESIGN";"Obsolescência - Edição 2024";2026;5;12009,53
"PLAT. DE PÓS-PROD. E DESIGN";"Obsolescência - Grafismo e Produção Virtual";2026;1;128625,84
"PLAT. DE PÓS-PROD. E DESIGN";"Obsolescência - Grafismo e Produção Virtual";2026;6;39621,1
"PLAT. DE PÓS-PROD. E DESIGN";"Obsolescência - Grafismo e Produção Virtual";2026;8;56439,289999999994
"PLAT. DE PÓS-PROD. E DESIGN";"Obsolescência - Ingest Íon";2026;3;69505,41
"PLAT. DE PÓS-PROD. E DESIGN";"Obsolescência - Playout Airspeed";2026;1;10260,04
"PLAT. DE PÓS-PROD. E DESIGN";"Obsolescência - Playout Airspeed";2026;7;8640,02
"PLAT. DE PÓS-PROD. E DESIGN";"Obsolescência - Playout Airspeed";2026;9;2587,05
"PLAT. DE PÓS-PROD. E DESIGN";"Obsolescência - Sonorização 2024";2026;2;30000
"PLAT. DE PÓS-PROD. E DESIGN";"Obsolescência - Sonorização 2024";2026;3;9395
"PLAT. DE PÓS-PROD. E DESIGN";"Obsolescência - Sonorização 2024";2026;4;8800
"PLAT. DE PÓS-PROD. E DESIGN";"Obsolescência - Sonorização 2024";2026;5;42665,82
"PLAT. DE PÓS-PROD. E DESIGN";"Obsolescência - Sonorização 2024";2026;6;25224,77
"PLAT. DE PÓS-PROD. E DESIGN";"Obsolescência - Sonorização 2024";2026;7;1144,53
"PLAT. DE PÓS-PROD. E DESIGN";"Obsolescência - Sonorização 2024";2026;8;46658,64
"PLAT. DE PÓS-PROD. E DESIGN";"Obsolescência - Sonorização 2024";2026;9;50984,69
"PLAT. DE PÓS-PROD. E DESIGN";"Obsolescência - Transcoding Vantage";2026;2;152716,35
"PLAT. DE PÓS-PROD. E DESIGN";"Obsolescência - Transcoding Vantage";2026;5;15690,61
"PLAT. DE PÓS-PROD. E DESIGN";"Obsolescência Central de Foley";2026;4;36675,66
"PLAT. DE PÓS-PROD. E DESIGN";"Obsolescência Central de Foley";2026;6;91469,94
"PLAT. DE PÓS-PROD. E DESIGN";"Obsolescência Central de Foley";2026;7;28306,68
"PLAT. DE PÓS-PROD. E DESIGN";"Obsolescência Central de Foley";2026;9;75005,1
"PLAT. DE PÓS-PROD. E DESIGN";"Obsolescência Cliplayer (4) - JB";2026;5;45600
"PLAT. DE PÓS-PROD. E DESIGN";"Obsolescência Cliplayer (4) - JB";2026;6;85371,43
"PLAT. DE PÓS-PROD. E DESIGN";"Obsolescência Cliplayer (4) - JB";2026;7;136020,78999999998
"PLAT. DE PÓS-PROD. E DESIGN";"Obsolescência Cliplayer (4) - JB";2026;8;49811,57
"PLAT. DE PÓS-PROD. E DESIGN";"Obsolescência Cliplayer (4) - JB";2026;9;15199,8
"PLAT. DE PÓS-PROD. E DESIGN";"Obsolescência Cliplayer (4) - SP";2026;5;131197,79
"PLAT. DE PÓS-PROD. E DESIGN";"Obsolescência Colorgrading (x1) - SP";2026;7;8181,26
"PLAT. DE PÓS-PROD. E DESIGN";"Obsolescência Ilhas de Edição 2023";2026;2;137873,53
"PLAT. DE PÓS-PROD. E DESIGN";"Obsolescência Ingest Live SP - Fase 1";2026;7;602532
"PLAT. DE PÓS-PROD. E DESIGN";"Obsolescência Ingest Live SP - Fase 1";2026;9;257298,4
"PLAT. DE PÓS-PROD. E DESIGN";"Obsolescência MAM Vizrt 2023";2026;6;53823,819999999992
"PLAT. DE PÓS-PROD. E DESIGN";"Obsolescência Produção Virtual Jornalismo & Esporte - RJ e SP";2026;1;52217,979999999996
"PLAT. DE PÓS-PROD. E DESIGN";"Obsolescência Produção Virtual Jornalismo & Esporte - RJ e SP";2026;2;33039,2
"PLAT. DE PÓS-PROD. E DESIGN";"Obsolescência Produção Virtual Jornalismo & Esporte - RJ e SP";2026;3;310282,82999999996
"PLAT. DE PÓS-PROD. E DESIGN";"Obsolescência Produção Virtual Jornalismo & Esporte - RJ e SP";2026;4;105282,78
"PLAT. DE PÓS-PROD. E DESIGN";"Obsolescência Produção Virtual Jornalismo & Esporte - RJ e SP";2026;5;56888,170000000006
"PLAT. DE PÓS-PROD. E DESIGN";"Obsolescência Produção Virtual Jornalismo & Esporte - RJ e SP";2026;6;73852,58
"PLAT. DE PÓS-PROD. E DESIGN";"Obsolescência Produção Virtual Jornalismo & Esporte - RJ e SP";2026;7;41140,44
"PLAT. DE PÓS-PROD. E DESIGN";"Obsolescência Produção Virtual Jornalismo & Esporte - RJ e SP";2026;8;148622,47
"PLAT. DE PÓS-PROD. E DESIGN";"Obsolescência Produção Virtual Jornalismo & Esporte - RJ e SP";2026;9;111147,52
"PLAT. DE PÓS-PROD. E DESIGN";"PAM do Futuro - PoC";2026;1;1720
"PLAT. DE PÓS-PROD. E DESIGN";"PAM do Futuro - PoC";2026;2;111971,8
"PLAT. DE PÓS-PROD. E DESIGN";"PAM do Futuro - PoC";2026;3;21823,11
"PLAT. DE PÓS-PROD. E DESIGN";"PAM do Futuro - PoC";2026;4;99699,97
"PLAT. DE PÓS-PROD. E DESIGN";"PAM do Futuro - PoC";2026;5;509609,81999999995
"PLAT. DE PÓS-PROD. E DESIGN";"PAM do Futuro - PoC";2026;6;31270,66
"PLAT. DE PÓS-PROD. E DESIGN";"PAM do Futuro - PoC";2026;8;7868,6200000000008
"PLAT. DE PÓS-PROD. E DESIGN";"Pool de Trascoding ION & EG (Amberfin)";2026;1;38141,12
"PLAT. DE PÓS-PROD. E DESIGN";"Pool de Trascoding ION & EG (Amberfin)";2026;3;83237,19
"PLAT. DE PÓS-PROD. E DESIGN";"Pool de Trascoding ION & EG (Amberfin)";2026;4;184735,95
"PLAT. DE PÓS-PROD. E DESIGN";"Pool de Trascoding ION & EG (Amberfin)";2026;5;8701,07
"PLAT. DE PÓS-PROD. E DESIGN";"Pool de Trascoding ION & EG (Amberfin)";2026;6;10208,6
"PLAT. DE PÓS-PROD. E DESIGN";"Pool de Trascoding ION & EG (Amberfin)";2026;7;12274,25
"PLAT. DE PÓS-PROD. E DESIGN";"Pool de Trascoding ION & EG (Amberfin)";2026;8;20182
"PLAT. DE PÓS-PROD. E DESIGN";"Pool de Trascoding ION & EG (Amberfin)";2026;9;647,81
"PLAT. DE PÓS-PROD. E DESIGN";"Pool GC Vizrt ION (Fase 2)";2026;5;37912,74
"PLAT. DE PÓS-PROD. E DESIGN";"Pool GC Vizrt ION (Fase 2)";2026;6;18619,38
"PLAT. DE PÓS-PROD. E DESIGN";"Pool GC Vizrt ION (Fase 2)";2026;7;273004,26
"PLAT. DE PÓS-PROD. E DESIGN";"Pool GC Vizrt ION (Fase 2)";2026;8;10023,87
"PLAT. DE PÓS-PROD. E DESIGN";"Pool GC Vizrt ION (Fase 2)";2026;9;72837,7
"PLAT. DE PÓS-PROD. E DESIGN";"Produção Virtual EG - Fase 2";2026;1;84999,99
"PLAT. DE PÓS-PROD. E DESIGN";"Produção Virtual EG - Fase 2";2026;3;68376,92
"PLAT. DE PÓS-PROD. E DESIGN";"Produção Virtual EG - Fase 2";2026;5;14960,4
"PLAT. DE PÓS-PROD. E DESIGN";"Render (16) - EG";2026;6;251938,8
"PLAT. DE PÓS-PROD. E DESIGN";"Render (16) - EG";2026;8;359202,86000000004
"PLAT. DE PÓS-PROD. E DESIGN";"Render (16) - EG";2026;9;46955,8
"PLAT. DE PÓS-PROD. E DESIGN";"Renders VFX (35)";2026;1;51754,54
"PLAT. DE PÓS-PROD. E DESIGN";"Renders VFX (35)";2026;3;110418,42
"PLAT. DE PÓS-PROD. E DESIGN";"Renders VFX (35)";2026;4;96978,5
"PLAT. DE PÓS-PROD. E DESIGN";"Renders VFX (35)";2026;5;0
"PLAT. DE PÓS-PROD. E DESIGN";"Renders VFX (35)";2026;6;2705,46
"PLAT. DE PÓS-PROD. E DESIGN";"Renders VFX (35)";2026;7;54724,32
"PLAT. DE PÓS-PROD. E DESIGN";"Renders VFX (35)";2026;9;21444,86
"PLAT. DE PÓS-PROD. E DESIGN";"Roadmap de GCs";2026;1;495047,12
"PLAT. DE PÓS-PROD. E DESIGN";"Roadmap de GCs";2026;4;149469,06
"PLAT. DE PÓS-PROD. E DESIGN";"Roadmap de GCs";2026;5;6214,25
"PLAT. DE PÓS-PROD. E DESIGN";"Roadmap de GCs";2026;6;0
"PLAT. DE PÓS-PROD. E DESIGN";"Roadmap de GCs";2026;9;4221,47
"PLAT. DE PÓS-PROD. E DESIGN";"Roadmap Playout Controles - SP/JB/BSA";2026;2;41686,47
"PLAT. DE PÓS-PROD. E DESIGN";"Roadmap Playout Controles - SP/JB/BSA";2026;3;3829,42
"PLAT. DE PÓS-PROD. E DESIGN";"Roadmap Playout Controles - SP/JB/BSA";2026;4;43910,87
"PLAT. DE PÓS-PROD. E DESIGN";"Roadmap Playout Controles - SP/JB/BSA";2026;5;71247,81
"PLAT. DE PÓS-PROD. E DESIGN";"Roadmap Playout Controles - SP/JB/BSA";2026;6;64829,01
"PLAT. DE PÓS-PROD. E DESIGN";"Roadmap Playout Controles - SP/JB/BSA";2026;8;22792,92
"PLAT. DE PÓS-PROD. E DESIGN";"Roadmap Playout Controles - SP/JB/BSA";2026;9;26198,5
"PLAT. DE PÓS-PROD. E DESIGN";"Telas e touch - EG, SP e ION";2026;1;20558,15
"PLAT. DE PÓS-PROD. E DESIGN";"Telas e touch - EG, SP e ION";2026;3;40080
"PLAT. DE PÓS-PROD. E DESIGN";"Telas e touch - EG, SP e ION";2026;4;34563,57
"PLAT. DE PÓS-PROD. E DESIGN";"Telas e touch - EG, SP e ION";2026;5;13275
"PLAT. DE PÓS-PROD. E DESIGN";"Telas e touch - EG, SP e ION";2026;6;2059,74
"PLAT. DE PÓS-PROD. E DESIGN";"Telas e touch - EG, SP e ION";2026;7;920,1
"PLAT. DE PÓS-PROD. E DESIGN";"Telas e touch - EG, SP e ION";2026;8;23789,41
"PLAT. DE PÓS-PROD. E DESIGN";"Workflow 4K de edição";2026;4;147453,32
"PLAT. DE PÓS-PROD. E DESIGN";"Workflow 4K de edição";2026;5;35628,729999999996
"PLAT. DE PÓS-PROD. E DESIGN";"Workflow 4K de edição";2026;6;13363,2
"PLAT. DE PÓS-PROD. E DESIGN";"Workflow 4K de edição";2026;7;431677,7
"PLAT. DE PÓS-PROD. E DESIGN";"Workflow 4K de edição";2026;8;77870,92
"PLAT. DE PÓS-PROD. E DESIGN";"Workflow 4K de edição";2026;9;180411,69999999998
"PLAT. DE PÓS-PROD. E DESIGN";"Workflow 4K Light (sites: JB, ÍON & SP)";2026;2;-34804,83
"PLATAFORMA DE PRÉ-PRODUÇÃO";"Move AWS to GCP - Newshub e SCOUT";2026;5;11833,5
"PLATAFORMA DE PRÉ-PRODUÇÃO";"Move AWS to GCP - Newshub e SCOUT";2026;6;4231,85
